"PARM_CD","CASRN","PARM_SEQ_GRP_NM","PARM_SEQ_GRP_DS","PARM_NM","PARM_UNT_TX","PARM_DS","PARM_MEDIUM_TX","PARM_FRAC_TX","PARM_TEMP_TX","PARM_STAT_TX","PARM_TM_TX","PARM_WT_TX","PARM_SIZE_TX"
"62359","603-17-8","Biological","Biological","Pheophytin a, periphyton","mg/m2","Pheophytin a, periphyton, milligrams per square meter","Biological Tissue","","","","","",""
"62342","","Biological","Biological","Specimen weight, average","g","Specimen weight, average of composite, biota, grams","Biological Tissue","","","Mean","","",""
"00573","","Biological","Biological","Biomass, periphyton, dry wt","g/m2","Biomass, periphyton, dry weight, grams per square meter","Biological Tissue","","","","","Dry",""
"49954","","Biological","Biological","Periphyton biomass","g/m2","Biomass, periphyton, ash free dry mass, grams per square meter","Biological Tissue","","","","","Ash-Free Dry",""
"72141","","Biological","Biological","Organism length, std dev","cm","Length of organisms, standard deviation, composite sample, centimeters","","","","Standard Deviation","","",""
"70950","","Biological","Biological","Biomass/Chlrphyl ratio, peri","None","Biomass to chlorophyll ratio, periphyton, number","Biological Tissue","","","","","",""
"00572","","Biological","Biological","Biomass, periphyton, ash wt","g/m2","Biomass, periphyton, ash weight, grams per square meter","Biological Tissue","","","","","Ash Weight",""
"62340","","Biological","Biological","Specimen length, average","mm","Specimen length, average of composite, biota, millimeters","Biological Tissue","","","Mean","","",""
"70957","479-61-8","Biological","Biological","Chlorophyll a, peri, cf meth","mg/m2","Chlorophyll a, periphyton, chromatographic-fluorometric method, milligrams per square meter","Biological Tissue","","","","","",""
"62343","","Biological","Biological","Specimen weight, total","g","Specimen weight, total of composite, biota, grams","Biological Tissue","Total","","","","",""
"91106","","Biological","Biological","Length of organism","cm","Length of organism, centimeters","","","","","","",""
"72146","","Biological","Biological","Organism length, minimum","cm","Length of organism, minimum in composite sample, centimeters","","","","Minimum","","",""
"81614","","Biological","Biological","IndividualsInSample","nu","Individuals in sample, biota, number","Biological Tissue","","","","","",""
"72140","","Biological","Biological","Organism length, maximum","cm","Length of organism, maximum in composite sample, centimeters","","","","Maximum","","",""
"91104","","Biological","Biological","Weight of organism","g","Weight of organism, total, grams","","Total","","","","",""
"91105","","Biological","Biological","Weight of tissue","g","Weight of sampled tissue from organism, grams","Biological Tissue","","","","","",""
"70953","479-61-8","Biological","Biological","Chloro a, phyto, cf","ug/l","Chlorophyll a, phytoplankton, chromatographic-fluorometric method, micrograms per liter","Water","","","","","",""
"62360","603-17-8","Biological","Biological","Pheophytin a, phytoplankton","ug/l","Pheophytin a, phytoplankton, micrograms per liter","Water","","","","","",""
